DCID,ADDRESS,CITYSTATEZIP
6006,2200B 7TH AVE,"SOUTHWEST CULLMAN, AL 35055"
6009,1501 MAPLE LEAF RD,"MOUTH PLEASANT, IA 52641"
6010,690 HIGHWAY 206,"DOUGLAS, GA 31533"
6011,2200 MANUFACTURERS BLVD,"BROOKHAVEN, MS 39601"
6012,3100 NORTH I-27,"PLAINVIEW, TX 79072"
6016,3920 IH 35 NORTH,"NEW BRAUNFELS, TX 78130"
6017,2108 EAST TIPTON ST,"SEYMOUR, IN 47274"
6018,2103 SOUTH MAIN,"SEARCY, AR 72143"
6019,7504 EAST CROSSROADS BLVD,"LOVELAND, CO 80538"
6020,4224 KETTERING ROAD,"BROOKSVILLE, FL 34602"
6021,1005 SOUTH H STREET,"PORTERVILLE, CA 93257"
6023,21504 COX ROAD,"SUTHERLAND, VA 23885"
6024,3920 SOUTHWEST BLVD,"GROVE CITY, OH 43123"
6025,3140 3M DRIVE,"MENOMONIE, WI 54751"
6026,10817 HWY 99W,"RED BLUFF, CA 96080"
6027,310 OWNES ROAD,"WOODLAND, PA 16881"
6030,42 FREETOWN ROAD,"RAYMOND, NH 03077"
6031,23701 WEST SOUTHERN AVE,"BUCKEYE, AZ 85326"
6035,3220 NEVADA TERRACE,"OTTAWA, KS 66067"
6036,8660 SOUTH US HWY 79,"PALESTINE, TX 75803"
6037,2650 HWY 395 SOUTH,HERMISTON
6038,8827 OLD RIVER ROAD,"MARCY, NY 13403"
6039,1659 POTTERTOWN RD,"MIDWAY, TN 37809"
6040,1010 WALMART DRIVE,"HOPE MILLS, NC 28348"
6043,492 JONESVILLE ROAD,"COLDWATER, MI 49036"
6048,3022 HWY 743,"OPELOUSAS, LA 70570"
6054,385 CALLAWAY CHURCH ROAD,"LA GRANGE, GA 30241"
6066,694 CRENSHAW BLVD,"HOPKINSVILLE, KY 42240"
6068,221 LOIS RD,"ASANGER, TX 76266"
6069,1200 MATLOCK DRIVE,"ST JAMES, MO 65559"
6070,220 WALMART DRIVE,"SHELBY, NC 28150"
6080,300 VETERNS DRIVE,"TOBYHANNA, PA 18466"
6092,3110 ILLNOIS HWY 89,"SPRING VALLEY, IL 61362"
6094,5801 REGIONAL AIRPORT BLVD,"BENTONVILLE, AR 72712"
7026,945 NORTH STATE ROAD 138,"GRANTSVILLE, UT 84029"
7033,21215 JOHNSON ROAD,"APPLE VALLEY, CA 92307"
7034,4860 WHEATLEYS POND ROAD,"SMYRNA, DE 19977"
7035,4860 WHEATELYS POND ROAD,"SMYRNA, DE 19977"
7036,2226 FM 3013 SUITE 100,"SEALY, TX 77474"
7038,4009 SOUTH JENKINS ROAD,"FT PIERCE, FL 34981"
7039,5801 SW REGIONAL AIRPORT BLVD,"BENTONVILLE, AR 72712"
7045,6004 WALTON WAY,"MT. CRAWFORD, VA 22841"
